id,source,title,authors,year,venue,doi,url,abstract
1,openalex,Network intrusion detection system: A systematic study of machine learning and deep learning approaches,Zeeshan Ahmad; Adnan Shahid Khan; Cheah Wai Shiang; Johari Abdullah; Farhan Ahmad,2020.0,Transactions on Emerging Telecommunications Technologies,10.1002/ett.4150,https://openalex.org/W3093410479,"Abstract The rapid advances in the internet and communication fields have resulted in a huge increase in the network size and the corresponding data. As a result, many novel attacks are being generated and have posed challenges for network security to accurately detect intrusions. Furthermore, the presence of the intruders with the aim to launch various attacks within the network cannot be ignored. An intrusion detection system (IDS) is one such tool that prevents the network from possible intrusions by inspecting the network traffic, to ensure its confidentiality, integrity, and availability. Despite enormous efforts by the researchers, IDS still faces challenges in improving detection accuracy while reducing false alarm rates and in detecting novel intrusions. Recently, machine learning (ML) and deep learning (DL)‐based IDS systems are being deployed as potential solutions to detect intrusions across the network in an efficient manner. This article first clarifies the concept of IDS and then provides the taxonomy based on the notable ML and DL techniques adopted in designing network‐based IDS (NIDS) systems. A comprehensive review of the recent NIDS‐based articles is provided by discussing the strengths and limitations of the proposed solutions. Then, recent trends and advancements of ML and DL‐based NIDS are provided in terms of the proposed methodology, evaluation metrics, and dataset selection. Using the shortcomings of the proposed methods, we highlighted various research challenges and provided the future scope for the research in improving ML and DL‐based NIDS."
2,openalex,"Machine Learning: Algorithms, Real-World Applications and Research Directions",Iqbal H. Sarker,2021.0,SN Computer Science,10.1007/s42979-021-00592-x,https://openalex.org/W3135028703,
3,openalex,Classification Based on Decision Tree Algorithm for Machine Learning,Bahzad Charbuty; Adnan Mohsin Abdulazeez,2021.0,Journal of Applied Science and Technology Trends,10.38094/jastt20165,https://openalex.org/W3148181069,"Decision tree classifiers are regarded to be a standout of the most well-known methods to data classification representation of classifiers. Different researchers from various fields and backgrounds have considered the problem of extending a decision tree from available data, such as machine study, pattern recognition, and statistics. In various fields such as medical disease analysis, text classification, user smartphone classification, images, and many more the employment of Decision tree classifiers has been proposed in many ways. This paper provides a detailed approach to the decision trees. Furthermore, paper specifics, such as algorithms/approaches used, datasets, and outcomes achieved, are evaluated and outlined comprehensively. In addition, all of the approaches analyzed were discussed to illustrate the themes of the authors and identify the most accurate classifiers. As a result, the uses of different types of datasets are discussed and their findings are analyzed."
4,openalex,Machine Learning for Anomaly Detection: A Systematic Review,Ali Bou Nassif; Manar Abu Talib; Qassim Nasir; Fatima Dakalbab,2021.0,IEEE Access,10.1109/access.2021.3083060,https://openalex.org/W3164952570,"Anomaly detection has been used for decades to identify and extract anomalous components from data. Many techniques have been used to detect anomalies. One of the increasingly significant techniques is Machine Learning (ML), which plays an important role in this area. In this research paper, we conduct a Systematic Literature Review (SLR) which analyzes ML models that detect anomalies in their application. Our review analyzes the models from four perspectives; the applications of anomaly detection, ML techniques, performance metrics for ML models, and the classification of anomaly detection. In our review, we have identified 290 research articles, written from 2000-2020, that discuss ML techniques for anomaly detection. After analyzing the selected research articles, we present 43 different applications of anomaly detection found in the selected research articles. Moreover, we identify 29 distinct ML models used in the identification of anomalies. Finally, we present 22 different datasets that are applied in experiments on anomaly detection, as well as many other general datasets. In addition, we observe that unsupervised anomaly detection has been adopted by researchers more than other classification anomaly detection systems. Detection of anomalies using ML models is a promising area of research, and there are a lot of ML models that have been implemented by researchers. Therefore, we provide researchers with recommendations and guidelines based on this review."
5,openalex,Performance Analysis of Machine Learning Algorithms in Intrusion Detection System: A Review,T. Saranya; S. Sridevi; C. Deisy; Tran Duc Chung; M.K.A. Ahamed Khan,2020.0,Procedia Computer Science,10.1016/j.procs.2020.04.133,https://openalex.org/W3033403042,"The rapid growth of technologies not only formulates life easier but also exposes a lot of security issues. With the advancement of the Internet over years, the number of attacks over the Internet has been increased. Intrusion Detection System (IDS) is one of the supportive layers applicable to information security. IDS provide a salubrious environment for business and keeps away from suspicious network activities. Recently, Machine Learning (ML) algorithms are applied in IDS in order to identify and classify the security threats. This paper explores the comparative study of various ML algorithms used in IDS for several applications such as fog computing, Internet of Things (IoT), big data, smart city, and 5G network. In addition, this work also aims for classifying the intrusions using ML algorithms like Linear Discriminant Analysis (LDA), Classification and Regression Trees (CART) and Random Forest. The work was tested with the KDD-CUP dataset and their efficiency was measured and also compared along with the latest researches."
6,openalex,An Explainable Machine Learning Framework for Intrusion Detection Systems,Maonan Wang; Kangfeng Zheng; Yanqing Yang; Xiujuan Wang,2020.0,IEEE Access,10.1109/access.2020.2988359,https://openalex.org/W3017093935,"In recent years, machine learning-based intrusion detection systems (IDSs) have proven to be effective; especially, deep neural networks improve the detection rates of intrusion detection models. However, as models become more and more complex, people can hardly get the explanations behind their decisions. At the same time, most of the works about model interpretation focuses on other fields like computer vision, natural language processing, and biology. This leads to the fact that in practical use, cybersecurity experts can hardly optimize their decisions according to the judgments of the model. To solve these issues, a framework is proposed in this paper to give an explanation for IDSs. This framework uses SHapley Additive exPlanations (SHAP), and combines local and global explanations to improve the interpretation of IDSs. The local explanations give the reasons why the model makes certain decisions on the specific input. The global explanations give the important features extracted from IDSs, present the relationships between the feature values and different types of attacks. At the same time, the interpretations between two different classifiers, one-vs-all classifier and multiclass classifier, are compared. NSL-KDD dataset is used to test the feasibility of the framework. The framework proposed in this paper leads to improve the transparency of any IDS, and helps the cybersecurity staff have a better understanding of IDSs' judgments. Furthermore, the different interpretations between different kinds of classifiers can also help security experts better design the structures of the IDSs. More importantly, this work is unique in the intrusion detection field, presenting the first use of the SHAP method to give explanations for IDSs."
7,openalex,Benchmarking of Machine Learning for Anomaly Based Intrusion Detection Systems in the CICIDS2017 Dataset,Ziadoon Kamil Maseer; Robiah Yusof; Nazrulazhar Bahaman; Salama A. Mostafa; Cik Feresa Mohd Foozy,2021.0,IEEE Access,10.1109/access.2021.3056614,https://openalex.org/W3126814579,"An intrusion detection system (IDS) is an important protection instrument for detecting complex network attacks. Various machine learning (ML) or deep learning (DL) algorithms have been proposed for implementing anomaly-based IDS (AIDS). Our review of the AIDS literature identifies some issues in related work, including the randomness of the selected algorithms, parameters, and testing criteria, the application of old datasets, or shallow analyses and validation of the results. This paper comprehensively reviews previous studies on AIDS by using a set of criteria with different datasets and types of attacks to set benchmarking outcomes that can reveal the suitable AIDS algorithms, parameters, and testing criteria. Specifically, this paper applies 10 popular supervised and unsupervised ML algorithms for identifying effective and efficient ML-AIDS of networks and computers. These supervised ML algorithms include the artificial neural network (ANN), decision tree (DT), k-nearest neighbor (k-NN), naive Bayes (NB), random forest (RF), support vector machine (SVM), and convolutional neural network (CNN) algorithms, whereas the unsupervised ML algorithms include the expectation-maximization (EM), k-means, and self-organizing maps (SOM) algorithms. Several models of these algorithms are introduced, and the turning and training parameters of each algorithm are examined to achieve an optimal classifier evaluation. Unlike previous studies, this study evaluates the performance of AIDS by measuring the true positive and negative rates, accuracy, precision, recall, and F-Score of 31 ML-AIDS models. The training and testing time for ML-AIDS models are also considered in measuring their performance efficiency given that time complexity is an important factor in AIDSs. The ML-AIDS models are tested by using a recent and highly unbalanced multiclass CICIDS2017 dataset that involves real-world network attacks. In general, the k-NN-AIDS, DT-AIDS, and NB-AIDS models obtain the best results and show a greater capability in detecting web attacks compared with other models that demonstrate irregular and inferior results."
31,crossref,How Machine Learning is Revolutionizing Intrusion Detection,Emmanuel Tsukerman,2020.0,Designing a Machine Learning Intrusion Detection System,10.1007/978-1-4842-6591-8_2,https://doi.org/10.1007/978-1-4842-6591-8_2,
32,crossref,Machine Learning for Intrusion Detection,M.K. Divya,2025.0,Deep Learning for Intrusion Detection,10.1002/9781394285198.ch2,https://doi.org/10.1002/9781394285198.ch2,
33,crossref,Intrusion Detection Systems based on Machine Learning,Oumaima Chentoufi; Khalid Chougdali,2021.0,"Proceedings of the 2nd International Conference on Big Data, Modelling and Machine Learning",10.5220/0010734300003101,https://doi.org/10.5220/0010734300003101,
34,crossref,Machine Learning for Intrusion Detection,Akshay Mudgal,2026.0,CyberSentinel+,10.1201/9781003660361-5,https://doi.org/10.1201/9781003660361-5,
35,crossref,Trustable machine learning for intrusion detection systems,; Robin Duraz,,,10.70675/e2fe5f32z19e5z41caz9b55z7b33b874c3c0,https://doi.org/10.70675/e2fe5f32z19e5z41caz9b55z7b33b874c3c0,"<jats:title>Apprentissage automatique de confiance pour les systèmes de détection d'intrusion</jats:title>
                <jats:p xml:lang=""fr"">Les systèmes de détection d'intrusion sont des composants essentiels à la défense de notre écosystème numérique. Récemment, les avancées en apprentissage automatique ont permis de développer de nouveaux types de système de détection d'intrusion, permettant de s'éloigner du besoin de créer des règles de détection de plus en plus complexes. Ces systèmes de détection utilisant l'apprentissage automatique sont capables d'apprendre de façon autonome différents comportements, à la condition d'avoir un jeu de données bien calibré. Le contexte de la cybersécurité amène des besoins spécifiques, des besoins qui sont différents des tâches d'apprentissage automatique les plus courantes : la reconnaissance d'images et le traitement du langage. Cela implique qu'il faut adapter les différents procédés utilisés en apprentissage automatique pour répondre à ces attentes. Étant dans un environnement ayant d'importants enjeux, les systèmes de détection d'intrusion devraient plutôt être utilisés pour aider à la prise de décisions, mais cela reste essentiel de pouvoir leur faire confiance. De ce fait, dans cette thèse, nous avons dans un premier temps développé une nouvelle métrique basée sur les scores CVSS, permettant d'intégrer des connaissances de cybersécurité dans le processus d'évaluation des systèmes de détection d'intrusion. Nous nous sommes ensuite concentrés sur le besoin de comprendre des décisions qui ne sont pas compréhensibles. Même si le domaine de l'explicabilité n'est pas assez avancé pour correctement expliquer ces décisions, cela reste possible de vérifier la confiance en celles-ci d'une façon plus robuste, amenant à examiner ou corriger d'éventuelles erreurs. Finalement, nous nous sommes efforcés de compléter les approches existantes en utilisant des techniques d'apprentissage automatique récentes pour augmenter la capacité à détecter de nouvelles cyberattaques. Toutes ces méthodes contribuent donc à créer des systèmes de détection d'intrusion utilisant l'apprentissage automatique qui sont plus fiables."
36,crossref,Intrusion Detection using Machine Learning,Bhumika Malik; Nivedita Singh,2022.0,International Journal of Science and Research (IJSR),10.21275/mr22310165547,https://doi.org/10.21275/mr22310165547,
37,crossref,Evaluation of Machine Learning Method for Intrusion Detection System on Jubatus,Tadashi Ogino,2015.0,International Journal of Machine Learning and Computing,10.7763/ijmlc.2015.v5.497,https://doi.org/10.7763/ijmlc.2015.v5.497,
61,arxiv,A Hybrid Deep Learning Anomaly Detection Framework for Intrusion Detection,Rahul Kale; Zhi Lu; Kar Wai Fok; Vrizlynn L. L. Thing,2022.0,arXiv,10.48550/arXiv.2212.00966,https://arxiv.org/abs/2212.00966v1,"Cyber intrusion attacks that compromise the users' critical and sensitive data are escalating in volume and intensity, especially with the growing connections between our daily life and the Internet. The large volume and high complexity of such intrusion attacks have impeded the effectiveness of most traditional defence techniques. While at the same time, the remarkable performance of the machine learning methods, especially deep learning, in computer vision, had garnered research interests from the cyber security community to further enhance and automate intrusion detections. However, the expensive data labeling and limitation of anomalous data make it challenging to train an intrusion detector in a fully supervised manner. Therefore, intrusion detection based on unsupervised anomaly detection is an important feature too. In this paper, we propose a three-stage deep learning anomaly detection based network intrusion attack detection framework. The framework comprises an integration of unsupervised (K-means clustering), semi-supervised (GANomaly) and supervised learning (CNN) algorithms. We then evaluated and showed the performance of our implemented framework on three benchmark datasets: NSL-KDD, CIC-IDS2018, and TON_IoT."
62,arxiv,Tree-based Intelligent Intrusion Detection System in Internet of Vehicles,Li Yang; Abdallah Moubayed; Ismail Hamieh; Abdallah Shami,2019.0,arXiv,10.48550/arXiv.1910.08635,https://arxiv.org/abs/1910.08635v2,"The use of autonomous vehicles (AVs) is a promising technology in Intelligent Transportation Systems (ITSs) to improve safety and driving efficiency. Vehicle-to-everything (V2X) technology enables communication among vehicles and other infrastructures. However, AVs and Internet of Vehicles (IoV) are vulnerable to different types of cyber-attacks such as denial of service, spoofing, and sniffing attacks. In this paper, an intelligent intrusion detection system (IDS) is proposed based on tree-structure machine learning models. The results from the implementation of the proposed intrusion detection system on standard data sets indicate that the system has the ability to identify various cyber-attacks in the AV networks. Furthermore, the proposed ensemble learning and feature selection approaches enable the proposed system to achieve high detection rate and low computational cost simultaneously."
63,arxiv,Cyber Situation Awareness with Active Learning for Intrusion Detection,Steven McElwee; James Cannady,2019.0,arXiv,10.48550/arXiv.1912.12673,https://arxiv.org/abs/1912.12673v1,"Intrusion detection has focused primarily on detecting cyberattacks at the event-level. Since there is such a large volume of network data and attacks are minimal, machine learning approaches have focused on improving accuracy and reducing false positives, but this has frequently resulted in overfitting. In addition, the volume of intrusion detection alerts is large and creates fatigue in the human analyst who must review them. This research addresses the problems associated with event-level intrusion detection and the large volumes of intrusion alerts by applying active learning and cyber situation awareness. This paper includes the results of two experiments using the UNSW-NB15 dataset. The first experiment evaluated sampling approaches for querying the oracle, as part of active learning. It then trained a Random Forest classifier using the samples and evaluated its results. The second experiment applied cyber situation awareness by aggregating the detection results of the first experiment and calculating the probability that a computer system was part of a cyberattack. This research showed that moving the perspective of event-level alerts to the probability that a computer system was part of an attack improved the accuracy of detection and reduced the volume of alerts that a human analyst would need to review."
64,arxiv,A Benchmark Study of Machine Learning Models for Online Fake News Detection,Junaed Younus Khan; Md. Tawkat Islam Khondaker; Sadia Afroz; Gias Uddin; Anindya Iqbal,2019.0,arXiv,10.48550/arXiv.1905.04749,https://arxiv.org/abs/1905.04749v2,"The proliferation of fake news and its propagation on social media has become a major concern due to its ability to create devastating impacts. Different machine learning approaches have been suggested to detect fake news. However, most of those focused on a specific type of news (such as political) which leads us to the question of dataset-bias of the models used. In this research, we conducted a benchmark study to assess the performance of different applicable machine learning approaches on three different datasets where we accumulated the largest and most diversified one. We explored a number of advanced pre-trained language models for fake news detection along with the traditional and deep learning ones and compared their performances from different aspects for the first time to the best of our knowledge. We find that BERT and similar pre-trained models perform the best for fake news detection, especially with very small dataset. Hence, these models are significantly better option for languages with limited electronic contents, i.e., training data. We also carried out several analysis based on the models' performance, article's topic, article's length, and discussed different lessons learned from them. We believe that this benchmark study will help the research community to explore further and news sites/blogs to select the most appropriate fake news detection method."
65,arxiv,Performance Comparison of Intrusion Detection Systems and Application of Machine Learning to Snort System,Syed Ali Raza Shah; Biju Issac,2017.0,arXiv,10.48550/arXiv.1710.04843,https://arxiv.org/abs/1710.04843v2,"This study investigates the performance of two open source intrusion detection systems (IDSs) namely Snort and Suricata for accurately detecting the malicious traffic on computer networks. Snort and Suricata were installed on two different but identical computers and the performance was evaluated at 10 Gbps network speed. It was noted that Suricata could process a higher speed of network traffic than Snort with lower packet drop rate but it consumed higher computational resources. Snort had higher detection accuracy and was thus selected for further experiments. It was observed that the Snort triggered a high rate of false positive alarms. To solve this problem a Snort adaptive plug-in was developed. To select the best performing algorithm for Snort adaptive plug-in, an empirical study was carried out with different learning algorithms and Support Vector Machine (SVM) was selected. A hybrid version of SVM and Fuzzy logic produced a better detection accuracy. But the best result was achieved using an optimised SVM with firefly algorithm with FPR (false positive rate) as 8.6% and FNR (false negative rate) as 2.2%, which is a good result. The novelty of this work is the performance comparison of two IDSs at 10 Gbps and the application of hybrid and optimised machine learning algorithms to Snort."
66,arxiv,Online Feature Ranking for Intrusion Detection Systems,Buse Gul Atli; Alexander Jung,2018.0,arXiv,10.48550/arXiv.1803.00530,https://arxiv.org/abs/1803.00530v2,"Many current approaches to the design of intrusion detection systems apply feature selection in a static, non-adaptive fashion. These methods often neglect the dynamic nature of network data which requires to use adaptive feature selection techniques. In this paper, we present a simple technique based on incremental learning of support vector machines in order to rank the features in real time within a streaming model for network data. Some illustrative numerical experiments with two popular benchmark datasets show that our approach allows to adapt to the changes in normal network behaviour and novel attack patterns which have not been experienced before."
67,arxiv,LCCDE: A Decision-Based Ensemble Framework for Intrusion Detection in The Internet of Vehicles,Li Yang; Abdallah Shami; Gary Stevens; Stephen De Rusett,2022.0,arXiv,10.48550/arXiv.2208.03399,https://arxiv.org/abs/2208.03399v2,"Modern vehicles, including autonomous vehicles and connected vehicles, have adopted an increasing variety of functionalities through connections and communications with other vehicles, smart devices, and infrastructures. However, the growing connectivity of the Internet of Vehicles (IoV) also increases the vulnerabilities to network attacks. To protect IoV systems against cyber threats, Intrusion Detection Systems (IDSs) that can identify malicious cyber-attacks have been developed using Machine Learning (ML) approaches. To accurately detect various types of attacks in IoV networks, we propose a novel ensemble IDS framework named Leader Class and Confidence Decision Ensemble (LCCDE). It is constructed by determining the best-performing ML model among three advanced ML algorithms (XGBoost, LightGBM, and CatBoost) for every class or type of attack. The class leader models with their prediction confidence values are then utilized to make accurate decisions regarding the detection of various types of cyber-attacks. Experiments on two public IoV security datasets (Car-Hacking and CICIDS2017 datasets) demonstrate the effectiveness of the proposed LCCDE for intrusion detection on both intra-vehicle and external networks."
